<?xml version="1.0" encoding="UTF-8"?>

<IDataXMLCoder version="1.0">
  <record javaclass="com.wm.util.Values">
    <value name="fileName">Bommat03PacketPipeline.xml</value>
    <idatacodable name="IDOC_CONTROL_REC_40" javaclass="com.wm.util.Table">
      <value name="name">EDI_DC40</value>
      <array name="data" type="record" depth="1">
        <record javaclass="com.wm.util.Values">
          <value name="TABNAM">EDI_DC40</value>
          <value name="MANDT">400</value>
          <value name="DOCNUM">0000000000281745</value>
          <value name="DOCREL">46B</value>
          <value name="STATUS">30</value>
          <value name="DIRECT">1</value>
          <value name="OUTMOD">4</value>
          <value name="EXPRSS"></value>
          <value name="TEST"></value>
          <value name="IDOCTYP">BOMMAT03</value>
          <value name="CIMTYP"></value>
          <value name="MESTYP">BOMMAT</value>
          <value name="MESCOD"></value>
          <value name="MESFCT"></value>
          <value name="STD"></value>
          <value name="STDVRS"></value>
          <value name="STDMES"></value>
          <value name="SNDPOR">SAPYSP</value>
          <value name="SNDPRT">LS</value>
          <value name="SNDPFC"></value>
          <value name="SNDPRN">YSPCLNT400</value>
          <value name="SNDSAD"></value>
          <value name="SNDLAD"></value>
          <value name="RCVPOR">A000000020</value>
          <value name="RCVPRT">LS</value>
          <value name="RCVPFC"></value>
          <value name="RCVPRN">SPJ_M</value>
          <value name="RCVSAD"></value>
          <value name="RCVLAD"></value>
          <value name="CREDAT">2002-07-07</value>
          <value name="CRETIM">14:05:36</value>
          <value name="REFINT"></value>
          <value name="REFGRP"></value>
          <value name="REFMES"></value>
          <value name="ARCKEY"></value>
          <value name="SERIAL">200207071405340001</value>
        </record>
        <record javaclass="com.wm.util.Values">
          <value name="TABNAM">EDI_DC40</value>
          <value name="MANDT">400</value>
          <value name="DOCNUM">0000000000281746</value>
          <value name="DOCREL">46B</value>
          <value name="STATUS">30</value>
          <value name="DIRECT">1</value>
          <value name="OUTMOD">4</value>
          <value name="EXPRSS"></value>
          <value name="TEST"></value>
          <value name="IDOCTYP">BOMMAT03</value>
          <value name="CIMTYP"></value>
          <value name="MESTYP">BOMMAT</value>
          <value name="MESCOD"></value>
          <value name="MESFCT"></value>
          <value name="STD"></value>
          <value name="STDVRS"></value>
          <value name="STDMES"></value>
          <value name="SNDPOR">SAPYSP</value>
          <value name="SNDPRT">LS</value>
          <value name="SNDPFC"></value>
          <value name="SNDPRN">YSPCLNT400</value>
          <value name="SNDSAD"></value>
          <value name="SNDLAD"></value>
          <value name="RCVPOR">A000000020</value>
          <value name="RCVPRT">LS</value>
          <value name="RCVPFC"></value>
          <value name="RCVPRN">SPJ_M</value>
          <value name="RCVSAD"></value>
          <value name="RCVLAD"></value>
          <value name="CREDAT">2002-07-07</value>
          <value name="CRETIM">14:05:38</value>
          <value name="REFINT"></value>
          <value name="REFGRP"></value>
          <value name="REFMES"></value>
          <value name="ARCKEY"></value>
          <value name="SERIAL">200207071405370002</value>
        </record>
        <record javaclass="com.wm.util.Values">
          <value name="TABNAM">EDI_DC40</value>
          <value name="MANDT">400</value>
          <value name="DOCNUM">0000000000281747</value>
          <value name="DOCREL">46B</value>
          <value name="STATUS">30</value>
          <value name="DIRECT">1</value>
          <value name="OUTMOD">4</value>
          <value name="EXPRSS"></value>
          <value name="TEST"></value>
          <value name="IDOCTYP">BOMMAT03</value>
          <value name="CIMTYP"></value>
          <value name="MESTYP">BOMMAT</value>
          <value name="MESCOD"></value>
          <value name="MESFCT"></value>
          <value name="STD"></value>
          <value name="STDVRS"></value>
          <value name="STDMES"></value>
          <value name="SNDPOR">SAPYSP</value>
          <value name="SNDPRT">LS</value>
          <value name="SNDPFC"></value>
          <value name="SNDPRN">YSPCLNT400</value>
          <value name="SNDSAD"></value>
          <value name="SNDLAD"></value>
          <value name="RCVPOR">A000000020</value>
          <value name="RCVPRT">LS</value>
          <value name="RCVPFC"></value>
          <value name="RCVPRN">SPJ_M</value>
          <value name="RCVSAD"></value>
          <value name="RCVLAD"></value>
          <value name="CREDAT">2002-07-07</value>
          <value name="CRETIM">14:05:38</value>
          <value name="REFINT"></value>
          <value name="REFGRP"></value>
          <value name="REFMES"></value>
          <value name="ARCKEY"></value>
          <value name="SERIAL">200207071405380003</value>
        </record>
      </array>
      <array name="cols" type="value" depth="1">
        <value>TABNAM</value>
        <value>MANDT</value>
        <value>DOCNUM</value>
        <value>DOCREL</value>
        <value>STATUS</value>
        <value>DIRECT</value>
        <value>OUTMOD</value>
        <value>EXPRSS</value>
        <value>TEST</value>
        <value>IDOCTYP</value>
        <value>CIMTYP</value>
        <value>MESTYP</value>
        <value>MESCOD</value>
        <value>MESFCT</value>
        <value>STD</value>
        <value>STDVRS</value>
        <value>STDMES</value>
        <value>SNDPOR</value>
        <value>SNDPRT</value>
        <value>SNDPFC</value>
        <value>SNDPRN</value>
        <value>SNDSAD</value>
        <value>SNDLAD</value>
        <value>RCVPOR</value>
        <value>RCVPRT</value>
        <value>RCVPFC</value>
        <value>RCVPRN</value>
        <value>RCVSAD</value>
        <value>RCVLAD</value>
        <value>CREDAT</value>
        <value>CRETIM</value>
        <value>REFINT</value>
        <value>REFGRP</value>
        <value>REFMES</value>
        <value>ARCKEY</value>
        <value>SERIAL</value>
      </array>
      <null name="sizes"/>
    </idatacodable>
    <idatacodable name="IDOC_DATA_REC_40" javaclass="com.wm.util.Table">
      <value name="name">EDI_DD40</value>
      <array name="data" type="record" depth="1">
        <record javaclass="com.wm.util.Values">
          <value name="SEGNAM">E1STZUM</value>
          <value name="MANDT">400</value>
          <value name="DOCNUM">0000000000281745</value>
          <value name="SEGNUM">000001</value>
          <value name="PSGNUM">000000</value>
          <value name="HLEVEL">01</value>
          <record name="SDATA" javaclass="com.wm.util.Values">
            <value name="MSGFN">009</value>
            <value name="STLTY">M</value>
            <value name="STLNR">00000614</value>
            <value name="STLAN">1</value>
            <value name="EXSTL">            1.000</value>
            <value name="STLDT">00000000</value>
            <value name="STLTM">000000</value>
          </record>
        </record>
        <record javaclass="com.wm.util.Values">
          <value name="SEGNAM">E1MASTM</value>
          <value name="MANDT">400</value>
          <value name="DOCNUM">0000000000281745</value>
          <value name="SEGNUM">000002</value>
          <value name="PSGNUM">000001</value>
          <value name="HLEVEL">02</value>
          <record name="SDATA" javaclass="com.wm.util.Values">
            <value name="MSGFN">009</value>
            <value name="MATNR">T-B100</value>
            <value name="WERKS">1000</value>
            <value name="STLAN">1</value>
            <value name="STLNR">00000614</value>
            <value name="STLAL">01</value>
            <value name="LOSVN">0.000</value>
            <value name="LOSBS">0.000</value>
          </record>
        </record>
        <record javaclass="com.wm.util.Values">
          <value name="SEGNAM">E1STKOM</value>
          <value name="MANDT">400</value>
          <value name="DOCNUM">0000000000281745</value>
          <value name="SEGNUM">000003</value>
          <value name="PSGNUM">000001</value>
          <value name="HLEVEL">02</value>
          <record name="SDATA" javaclass="com.wm.util.Values">
            <value name="MSGFN">009</value>
            <value name="STLAL">01</value>
            <value name="DATUV">20020707</value>
            <value name="BMEIN">PCE</value>
            <value name="BMENG">000000000000000</value>
            <value name="STLST">01</value>
            <value name="BMENG_C">         1.000</value>
          </record>
        </record>
        <record javaclass="com.wm.util.Values">
          <value name="SEGNAM">E1STPOM</value>
          <value name="MANDT">400</value>
          <value name="DOCNUM">0000000000281745</value>
          <value name="SEGNUM">000004</value>
          <value name="PSGNUM">000001</value>
          <value name="HLEVEL">02</value>
          <record name="SDATA" javaclass="com.wm.util.Values">
            <value name="MSGFN">009</value>
            <value name="STLKN">00000001</value>
            <value name="DATUV">20020707</value>
            <value name="IDNRK">T-T100</value>
            <value name="POSTP">L</value>
            <value name="POSNR">0010</value>
            <value name="MEINS">PCE</value>
            <value name="MENGE">000000000000000</value>
            <value name="AUSCH">0.00</value>
            <value name="AVOAU">0.00</value>
            <value name="SANFE">X</value>
            <value name="SANKA">X</value>
            <value name="NLFZT">0</value>
            <value name="EWAHR">0</value>
            <value name="LIFZT">0</value>
            <value name="PREIS">0.00</value>
            <value name="PEINH">0</value>
            <value name="ROANZ">0.000</value>
            <value name="ROMS1">0.000</value>
            <value name="ROMS2">0.000</value>
            <value name="ROMS3">0.000</value>
            <value name="ROMEN">1.000</value>
            <value name="OBJTY">1</value>
            <value name="MATKL">001</value>
            <value name="WEBAZ">0</value>
            <value name="CSSTR">0.00</value>
            <value name="KNOBJ">000000000000000000</value>
            <value name="LGORT">0001</value>
            <value name="ALPRF">00</value>
            <value name="CLSZU">00000000</value>
            <value name="NLFZV">0</value>
            <value name="MENGE_C">         1.000</value>
            <value name="ROMEN_C">         0.000</value>
          </record>
        </record>
        <record javaclass="com.wm.util.Values">
          <value name="SEGNAM">E1STPOM</value>
          <value name="MANDT">400</value>
          <value name="DOCNUM">0000000000281745</value>
          <value name="SEGNUM">000005</value>
          <value name="PSGNUM">000001</value>
          <value name="HLEVEL">02</value>
          <record name="SDATA" javaclass="com.wm.util.Values">
            <value name="MSGFN">009</value>
            <value name="STLKN">00000002</value>
            <value name="DATUV">20020707</value>
            <value name="IDNRK">T-T200</value>
            <value name="POSTP">L</value>
            <value name="POSNR">0020</value>
            <value name="MEINS">PCE</value>
            <value name="MENGE">000000000000000</value>
            <value name="AUSCH">0.00</value>
            <value name="AVOAU">0.00</value>
            <value name="SANFE">X</value>
            <value name="SANKA">X</value>
            <value name="NLFZT">0</value>
            <value name="EWAHR">0</value>
            <value name="LIFZT">0</value>
            <value name="PREIS">0.00</value>
            <value name="PEINH">0</value>
            <value name="ROANZ">0.000</value>
            <value name="ROMS1">0.000</value>
            <value name="ROMS2">0.000</value>
            <value name="ROMS3">0.000</value>
            <value name="ROMEN">1.000</value>
            <value name="OBJTY">1</value>
            <value name="MATKL">001</value>
            <value name="WEBAZ">0</value>
            <value name="CSSTR">0.00</value>
            <value name="KNOBJ">000000000000000000</value>
            <value name="ALPRF">00</value>
            <value name="CLSZU">00000000</value>
            <value name="NLFZV">0</value>
            <value name="MENGE_C">         1.000</value>
            <value name="ROMEN_C">         0.000</value>
          </record>
        </record>
        <record javaclass="com.wm.util.Values">
          <value name="SEGNAM">E1STPOM</value>
          <value name="MANDT">400</value>
          <value name="DOCNUM">0000000000281745</value>
          <value name="SEGNUM">000006</value>
          <value name="PSGNUM">000001</value>
          <value name="HLEVEL">02</value>
          <record name="SDATA" javaclass="com.wm.util.Values">
            <value name="MSGFN">009</value>
            <value name="STLKN">00000003</value>
            <value name="DATUV">20020707</value>
            <value name="IDNRK">T-T300</value>
            <value name="POSTP">L</value>
            <value name="POSNR">0030</value>
            <value name="MEINS">PCE</value>
            <value name="MENGE">000000000000000</value>
            <value name="AUSCH">0.00</value>
            <value name="AVOAU">0.00</value>
            <value name="SANFE">X</value>
            <value name="SANKA">X</value>
            <value name="NLFZT">0</value>
            <value name="EWAHR">0</value>
            <value name="LIFZT">0</value>
            <value name="PREIS">0.00</value>
            <value name="PEINH">0</value>
            <value name="ROANZ">0.000</value>
            <value name="ROMS1">0.000</value>
            <value name="ROMS2">0.000</value>
            <value name="ROMS3">0.000</value>
            <value name="ROMEN">8.000</value>
            <value name="OBJTY">1</value>
            <value name="MATKL">001</value>
            <value name="WEBAZ">0</value>
            <value name="CSSTR">0.00</value>
            <value name="KNOBJ">000000000000000000</value>
            <value name="ALPRF">00</value>
            <value name="CLSZU">00000000</value>
            <value name="NLFZV">0</value>
            <value name="MENGE_C">         8.000</value>
            <value name="ROMEN_C">         0.000</value>
          </record>
        </record>
        <record javaclass="com.wm.util.Values">
          <value name="SEGNAM">E1STZUM</value>
          <value name="MANDT">400</value>
          <value name="DOCNUM">0000000000281746</value>
          <value name="SEGNUM">000001</value>
          <value name="PSGNUM">000000</value>
          <value name="HLEVEL">01</value>
          <record name="SDATA" javaclass="com.wm.util.Values">
            <value name="MSGFN">009</value>
            <value name="STLTY">M</value>
            <value name="STLNR">00000620</value>
            <value name="STLAN">1</value>
            <value name="EXSTL">            1.000</value>
            <value name="STLDT">00000000</value>
            <value name="STLTM">000000</value>
          </record>
        </record>
        <record javaclass="com.wm.util.Values">
          <value name="SEGNAM">E1MASTM</value>
          <value name="MANDT">400</value>
          <value name="DOCNUM">0000000000281746</value>
          <value name="SEGNUM">000002</value>
          <value name="PSGNUM">000001</value>
          <value name="HLEVEL">02</value>
          <record name="SDATA" javaclass="com.wm.util.Values">
            <value name="MSGFN">009</value>
            <value name="MATNR">T-B101</value>
            <value name="WERKS">1000</value>
            <value name="STLAN">1</value>
            <value name="STLNR">00000620</value>
            <value name="STLAL">01</value>
            <value name="LOSVN">0.000</value>
            <value name="LOSBS">0.000</value>
          </record>
        </record>
        <record javaclass="com.wm.util.Values">
          <value name="SEGNAM">E1STKOM</value>
          <value name="MANDT">400</value>
          <value name="DOCNUM">0000000000281746</value>
          <value name="SEGNUM">000003</value>
          <value name="PSGNUM">000001</value>
          <value name="HLEVEL">02</value>
          <record name="SDATA" javaclass="com.wm.util.Values">
            <value name="MSGFN">009</value>
            <value name="STLAL">01</value>
            <value name="DATUV">20020707</value>
            <value name="BMEIN">PCE</value>
            <value name="BMENG">000000000000000</value>
            <value name="STLST">01</value>
            <value name="BMENG_C">         1.000</value>
          </record>
        </record>
        <record javaclass="com.wm.util.Values">
          <value name="SEGNAM">E1STPOM</value>
          <value name="MANDT">400</value>
          <value name="DOCNUM">0000000000281746</value>
          <value name="SEGNUM">000004</value>
          <value name="PSGNUM">000001</value>
          <value name="HLEVEL">02</value>
          <record name="SDATA" javaclass="com.wm.util.Values">
            <value name="MSGFN">009</value>
            <value name="STLKN">00000001</value>
            <value name="DATUV">20020707</value>
            <value name="IDNRK">T-T101</value>
            <value name="POSTP">L</value>
            <value name="POSNR">0010</value>
            <value name="MEINS">PCE</value>
            <value name="MENGE">000000000000000</value>
            <value name="AUSCH">0.00</value>
            <value name="AVOAU">0.00</value>
            <value name="SANFE">X</value>
            <value name="SANKA">X</value>
            <value name="NLFZT">0</value>
            <value name="EWAHR">0</value>
            <value name="LIFZT">0</value>
            <value name="PREIS">0.00</value>
            <value name="PEINH">0</value>
            <value name="ROANZ">0.000</value>
            <value name="ROMS1">0.000</value>
            <value name="ROMS2">0.000</value>
            <value name="ROMS3">0.000</value>
            <value name="ROMEN">1.000</value>
            <value name="OBJTY">1</value>
            <value name="MATKL">001</value>
            <value name="WEBAZ">0</value>
            <value name="CSSTR">0.00</value>
            <value name="KNOBJ">000000000000000000</value>
            <value name="LGORT">0001</value>
            <value name="ALPRF">00</value>
            <value name="CLSZU">00000000</value>
            <value name="NLFZV">0</value>
            <value name="MENGE_C">         1.000</value>
            <value name="ROMEN_C">         0.000</value>
          </record>
        </record>
        <record javaclass="com.wm.util.Values">
          <value name="SEGNAM">E1STPOM</value>
          <value name="MANDT">400</value>
          <value name="DOCNUM">0000000000281746</value>
          <value name="SEGNUM">000005</value>
          <value name="PSGNUM">000001</value>
          <value name="HLEVEL">02</value>
          <record name="SDATA" javaclass="com.wm.util.Values">
            <value name="MSGFN">009</value>
            <value name="STLKN">00000002</value>
            <value name="DATUV">20020707</value>
            <value name="IDNRK">T-T201</value>
            <value name="POSTP">L</value>
            <value name="POSNR">0020</value>
            <value name="MEINS">PCE</value>
            <value name="MENGE">000000000000000</value>
            <value name="AUSCH">0.00</value>
            <value name="AVOAU">0.00</value>
            <value name="SANFE">X</value>
            <value name="SANKA">X</value>
            <value name="NLFZT">0</value>
            <value name="EWAHR">0</value>
            <value name="LIFZT">0</value>
            <value name="PREIS">0.00</value>
            <value name="PEINH">0</value>
            <value name="ROANZ">0.000</value>
            <value name="ROMS1">0.000</value>
            <value name="ROMS2">0.000</value>
            <value name="ROMS3">0.000</value>
            <value name="ROMEN">1.000</value>
            <value name="OBJTY">1</value>
            <value name="MATKL">001</value>
            <value name="WEBAZ">0</value>
            <value name="CSSTR">0.00</value>
            <value name="KNOBJ">000000000000000000</value>
            <value name="ALPRF">00</value>
            <value name="CLSZU">00000000</value>
            <value name="NLFZV">0</value>
            <value name="MENGE_C">         1.000</value>
            <value name="ROMEN_C">         0.000</value>
          </record>
        </record>
        <record javaclass="com.wm.util.Values">
          <value name="SEGNAM">E1STPOM</value>
          <value name="MANDT">400</value>
          <value name="DOCNUM">0000000000281746</value>
          <value name="SEGNUM">000006</value>
          <value name="PSGNUM">000001</value>
          <value name="HLEVEL">02</value>
          <record name="SDATA" javaclass="com.wm.util.Values">
            <value name="MSGFN">009</value>
            <value name="STLKN">00000003</value>
            <value name="DATUV">20020707</value>
            <value name="IDNRK">T-T301</value>
            <value name="POSTP">L</value>
            <value name="POSNR">0030</value>
            <value name="MEINS">PCE</value>
            <value name="MENGE">000000000000000</value>
            <value name="AUSCH">0.00</value>
            <value name="AVOAU">0.00</value>
            <value name="SANFE">X</value>
            <value name="SANKA">X</value>
            <value name="NLFZT">0</value>
            <value name="EWAHR">0</value>
            <value name="LIFZT">0</value>
            <value name="PREIS">0.00</value>
            <value name="PEINH">0</value>
            <value name="ROANZ">0.000</value>
            <value name="ROMS1">0.000</value>
            <value name="ROMS2">0.000</value>
            <value name="ROMS3">0.000</value>
            <value name="ROMEN">8.000</value>
            <value name="OBJTY">1</value>
            <value name="MATKL">001</value>
            <value name="WEBAZ">0</value>
            <value name="CSSTR">0.00</value>
            <value name="KNOBJ">000000000000000000</value>
            <value name="ALPRF">00</value>
            <value name="CLSZU">00000000</value>
            <value name="NLFZV">0</value>
            <value name="MENGE_C">         8.000</value>
            <value name="ROMEN_C">         0.000</value>
          </record>
        </record>
        <record javaclass="com.wm.util.Values">
          <value name="SEGNAM">E1STZUM</value>
          <value name="MANDT">400</value>
          <value name="DOCNUM">0000000000281747</value>
          <value name="SEGNUM">000001</value>
          <value name="PSGNUM">000000</value>
          <value name="HLEVEL">01</value>
          <record name="SDATA" javaclass="com.wm.util.Values">
            <value name="MSGFN">009</value>
            <value name="STLTY">M</value>
            <value name="STLNR">00000626</value>
            <value name="STLAN">1</value>
            <value name="EXSTL">            1.000</value>
            <value name="STLDT">00000000</value>
            <value name="STLTM">000000</value>
          </record>
        </record>
        <record javaclass="com.wm.util.Values">
          <value name="SEGNAM">E1MASTM</value>
          <value name="MANDT">400</value>
          <value name="DOCNUM">0000000000281747</value>
          <value name="SEGNUM">000002</value>
          <value name="PSGNUM">000001</value>
          <value name="HLEVEL">02</value>
          <record name="SDATA" javaclass="com.wm.util.Values">
            <value name="MSGFN">009</value>
            <value name="MATNR">T-B102</value>
            <value name="WERKS">1000</value>
            <value name="STLAN">1</value>
            <value name="STLNR">00000626</value>
            <value name="STLAL">01</value>
            <value name="LOSVN">0.000</value>
            <value name="LOSBS">0.000</value>
          </record>
        </record>
        <record javaclass="com.wm.util.Values">
          <value name="SEGNAM">E1STKOM</value>
          <value name="MANDT">400</value>
          <value name="DOCNUM">0000000000281747</value>
          <value name="SEGNUM">000003</value>
          <value name="PSGNUM">000001</value>
          <value name="HLEVEL">02</value>
          <record name="SDATA" javaclass="com.wm.util.Values">
            <value name="MSGFN">009</value>
            <value name="STLAL">01</value>
            <value name="DATUV">20020707</value>
            <value name="BMEIN">PCE</value>
            <value name="BMENG">000000000000000</value>
            <value name="STLST">01</value>
            <value name="BMENG_C">         1.000</value>
          </record>
        </record>
        <record javaclass="com.wm.util.Values">
          <value name="SEGNAM">E1STPOM</value>
          <value name="MANDT">400</value>
          <value name="DOCNUM">0000000000281747</value>
          <value name="SEGNUM">000004</value>
          <value name="PSGNUM">000001</value>
          <value name="HLEVEL">02</value>
          <record name="SDATA" javaclass="com.wm.util.Values">
            <value name="MSGFN">009</value>
            <value name="STLKN">00000001</value>
            <value name="DATUV">20020707</value>
            <value name="IDNRK">T-T102</value>
            <value name="POSTP">L</value>
            <value name="POSNR">0010</value>
            <value name="MEINS">PCE</value>
            <value name="MENGE">000000000000000</value>
            <value name="AUSCH">0.00</value>
            <value name="AVOAU">0.00</value>
            <value name="SANFE">X</value>
            <value name="SANKA">X</value>
            <value name="NLFZT">0</value>
            <value name="EWAHR">0</value>
            <value name="LIFZT">0</value>
            <value name="PREIS">0.00</value>
            <value name="PEINH">0</value>
            <value name="ROANZ">0.000</value>
            <value name="ROMS1">0.000</value>
            <value name="ROMS2">0.000</value>
            <value name="ROMS3">0.000</value>
            <value name="ROMEN">1.000</value>
            <value name="OBJTY">1</value>
            <value name="MATKL">001</value>
            <value name="WEBAZ">0</value>
            <value name="CSSTR">0.00</value>
            <value name="KNOBJ">000000000000000000</value>
            <value name="LGORT">0001</value>
            <value name="ALPRF">00</value>
            <value name="CLSZU">00000000</value>
            <value name="NLFZV">0</value>
            <value name="MENGE_C">         1.000</value>
            <value name="ROMEN_C">         0.000</value>
          </record>
        </record>
        <record javaclass="com.wm.util.Values">
          <value name="SEGNAM">E1STPOM</value>
          <value name="MANDT">400</value>
          <value name="DOCNUM">0000000000281747</value>
          <value name="SEGNUM">000005</value>
          <value name="PSGNUM">000001</value>
          <value name="HLEVEL">02</value>
          <record name="SDATA" javaclass="com.wm.util.Values">
            <value name="MSGFN">009</value>
            <value name="STLKN">00000002</value>
            <value name="DATUV">20020707</value>
            <value name="IDNRK">T-T202</value>
            <value name="POSTP">L</value>
            <value name="POSNR">0020</value>
            <value name="MEINS">PCE</value>
            <value name="MENGE">000000000000000</value>
            <value name="AUSCH">0.00</value>
            <value name="AVOAU">0.00</value>
            <value name="SANFE">X</value>
            <value name="SANKA">X</value>
            <value name="NLFZT">0</value>
            <value name="EWAHR">0</value>
            <value name="LIFZT">0</value>
            <value name="PREIS">0.00</value>
            <value name="PEINH">0</value>
            <value name="ROANZ">0.000</value>
            <value name="ROMS1">0.000</value>
            <value name="ROMS2">0.000</value>
            <value name="ROMS3">0.000</value>
            <value name="ROMEN">1.000</value>
            <value name="OBJTY">1</value>
            <value name="MATKL">001</value>
            <value name="WEBAZ">0</value>
            <value name="CSSTR">0.00</value>
            <value name="KNOBJ">000000000000000000</value>
            <value name="ALPRF">00</value>
            <value name="CLSZU">00000000</value>
            <value name="NLFZV">0</value>
            <value name="MENGE_C">         1.000</value>
            <value name="ROMEN_C">         0.000</value>
          </record>
        </record>
        <record javaclass="com.wm.util.Values">
          <value name="SEGNAM">E1STPOM</value>
          <value name="MANDT">400</value>
          <value name="DOCNUM">0000000000281747</value>
          <value name="SEGNUM">000006</value>
          <value name="PSGNUM">000001</value>
          <value name="HLEVEL">02</value>
          <record name="SDATA" javaclass="com.wm.util.Values">
            <value name="MSGFN">009</value>
            <value name="STLKN">00000003</value>
            <value name="DATUV">20020707</value>
            <value name="IDNRK">T-T302</value>
            <value name="POSTP">L</value>
            <value name="POSNR">0030</value>
            <value name="MEINS">PCE</value>
            <value name="MENGE">000000000000000</value>
            <value name="AUSCH">0.00</value>
            <value name="AVOAU">0.00</value>
            <value name="SANFE">X</value>
            <value name="SANKA">X</value>
            <value name="NLFZT">0</value>
            <value name="EWAHR">0</value>
            <value name="LIFZT">0</value>
            <value name="PREIS">0.00</value>
            <value name="PEINH">0</value>
            <value name="ROANZ">0.000</value>
            <value name="ROMS1">0.000</value>
            <value name="ROMS2">0.000</value>
            <value name="ROMS3">0.000</value>
            <value name="ROMEN">8.000</value>
            <value name="OBJTY">1</value>
            <value name="MATKL">001</value>
            <value name="WEBAZ">0</value>
            <value name="CSSTR">0.00</value>
            <value name="KNOBJ">000000000000000000</value>
            <value name="ALPRF">00</value>
            <value name="CLSZU">00000000</value>
            <value name="NLFZV">0</value>
            <value name="MENGE_C">         8.000</value>
            <value name="ROMEN_C">         0.000</value>
          </record>
        </record>
      </array>
      <array name="cols" type="value" depth="1">
        <value>SEGNAM</value>
        <value>MANDT</value>
        <value>DOCNUM</value>
        <value>SEGNUM</value>
        <value>PSGNUM</value>
        <value>HLEVEL</value>
        <value>SDATA</value>
      </array>
      <null name="sizes"/>
    </idatacodable>
    <value name="$rfcname">IDOC_INBOUND_ASYNCHRONOUS</value>
    <value name="serverName">YSPCLNT400</value>
    <value name="$call">true</value>
    <value name="$encoding">ISO-8859-1</value>
    <value name="serviceName">sap.inbound.YSPCLNT400:IDOC_INBOUND_ASYNCHRONOUS</value>
    <value name="$tid">C0A801C906143D28AE0C009F</value>
    <record name="transaction" javaclass="com.wm.util.Values">
      <value name="$tid">C0A801C906143D28AE0C009F</value>
      <value name="state">0</value>
      <value name="sender">YSPCLNT400</value>
      <value name="receiver">SPJ_M</value>
      <value name="msgType">BOMMAT</value>
      <value name="date">07/07/2002 02:14:28 PM</value>
      <value name="flow">sap.inbound.YSPCLNT400:IDOC_INBOUND_ASYNCHRONOUS</value>
      <array name="auditLog" type="record" depth="1">
        <record javaclass="com.wm.util.Values">
          <value name="date">07/07/2002 02:14:28 PM</value>
          <value name="message">State changed to: Created</value>
        </record>
        <record javaclass="com.wm.util.Values">
          <value name="date">07/07/2002 02:14:29 PM</value>
          <value name="message">ALE:InboundProcess Execute C0A801C906143D28AE0C009F</value>
        </record>
        <record javaclass="com.wm.util.Values">
          <value name="date">07/07/2002 02:14:30 PM</value>
          <value name="message">State changed to: Created</value>
        </record>
        <record javaclass="com.wm.util.Values">
          <value name="date">07/07/2002 02:14:30 PM</value>
          <value name="message">Gateway Manager &lt;-- 'ALE (R/3 IDOC)</value>
        </record>
        <record javaclass="com.wm.util.Values">
          <value name="date">07/07/2002 02:14:31 PM</value>
          <value name="message">Unknown Partner and Message Type. Routing Rule created. Sender: YSPCLNT400 Receiver: SPJ_M MsgType: BOMMAT</value>
        </record>
        <record javaclass="com.wm.util.Values">
          <value name="date">07/07/2002 02:14:32 PM</value>
          <value name="message">com.wm.app.b2b.server.ServiceException: Unknown Partner and Message Type. Routing Rule created. Sender: YSPCLNT400 Receiver: SPJ_M MsgType: BOMMAT</value>
        </record>
        <record javaclass="com.wm.util.Values">
          <value name="date">07/07/2002 02:14:33 PM</value>
          <value name="message">State changed to: Rolled back</value>
        </record>
        <record javaclass="com.wm.util.Values">
          <value name="date">07/07/2002 02:18:18 PM</value>
          <value name="message">ALE:InboundProcess Execute C0A801C906143D28AE0C009F</value>
        </record>
        <record javaclass="com.wm.util.Values">
          <value name="date">07/07/2002 02:18:18 PM</value>
          <value name="message">State changed to: Created</value>
        </record>
        <record javaclass="com.wm.util.Values">
          <value name="date">07/07/2002 02:18:18 PM</value>
          <value name="message">Gateway Manager &lt;-- 'ALE (R/3 IDOC)</value>
        </record>
        <record javaclass="com.wm.util.Values">
          <value name="date">07/07/2002 02:18:19 PM</value>
          <value name="message">Invoked flow wm.PartnerMgr.flows.YSPCLNT400.SPJ_M:BOMMAT</value>
        </record>
      </array>
    </record>
    <value name="$action">1</value>
    <value name="transport">ALE (R/3 IDOC)</value>
    <value name="sender">YSPCLNT400</value>
    <value name="receiver">SPJ_M</value>
    <value name="msgType">BOMMAT</value>
    <value name="tranService">wm.PartnerMgr.gateway.transport.B2B:OutboundProcess</value>
    <record name="transportParams" javaclass="com.wm.data.BasicData">
      <value name="serverAlias">(local)</value>
      <value name="valueScope">SESSION</value>
      <value name="servicePath">sandbox</value>
      <value name="service">testFlow1</value>
    </record>
  </record>
</IDataXMLCoder>
